Modelo,Brier Mediana,IC Inferior,IC Superior,IC 95%
N Poisson Ranking,0.5774617165111228,0.5496251317337322,0.6081667414320134,[0.5496  -  0.6082]
N Dc Ranking,0.580106297111501,0.5516693905177543,0.6098783380905444,[0.5517  -  0.6099]
St Poisson Ranking,0.5810316222132637,0.5515431496434613,0.612912380178975,[0.5515  -  0.6129]
St Dc Ranking,0.5831269349093068,0.5540568241373941,0.6145041476917461,[0.5541  -  0.6145]
N Poisson Noranking,0.5876563025990582,0.5582437995775783,0.6204252956917612,[0.5582  -  0.6204]
N Dc Noranking,0.589918637305133,0.559153172303553,0.6228574538975085,[0.5592  -  0.6229]
St Poisson Noranking,0.5919452172144917,0.5611670358989471,0.6244394088727729,[0.5612  -  0.6244]
St Dc Noranking,0.5940651409777635,0.5629760522698182,0.6278577200715271,[0.5630  -  0.6279]
