Modelo,Brier Mediana,IC Inferior,IC Superior,IC 95%
N Poisson Ranking,0.6169162458346042,0.5922953392206137,0.6436102984373022,[0.5923  -  0.6436]
N Dc Ranking,0.6169761337241331,0.5925652855507562,0.6439251871883047,[0.5926  -  0.6439]
St Poisson Ranking,0.6175959561331791,0.5919712028635893,0.6457127770778761,[0.5920  -  0.6457]
St Dc Ranking,0.6176193391930773,0.5931909563393613,0.6442211967109409,[0.5932  -  0.6442]
St Dc Noranking,0.6219055542442953,0.5953756336924496,0.6507667221438818,[0.5954  -  0.6508]
St Poisson Noranking,0.6221776610756298,0.5954293146145249,0.6520964405891371,[0.5954  -  0.6521]
N Poisson Noranking,0.6234779777493886,0.5969949992884634,0.6524222619805738,[0.5970  -  0.6524]
N Dc Noranking,0.623521540291867,0.5975031279648718,0.6517812524732489,[0.5975  -  0.6518]
