Modelo,Brier Mediana,IC Inferior,IC Superior,IC 95%
N Poisson Ranking,0.5779211564545604,0.5490917279653836,0.6080485730487084,[0.5491  -  0.6080]
N Dc Ranking,0.5798627638859737,0.551235266367626,0.6100057110492696,[0.5512  -  0.6100]
St Poisson Ranking,0.5812481489421124,0.5511100056969235,0.6124246120054289,[0.5511  -  0.6124]
St Dc Ranking,0.5830462777286336,0.5537569208062751,0.6137807327878915,[0.5538  -  0.6138]
N Poisson Noranking,0.587594579242612,0.5575015285135677,0.6198698824223718,[0.5575  -  0.6199]
N Dc Noranking,0.5901817486914942,0.5603402971460967,0.6230972589915978,[0.5603  -  0.6231]
St Poisson Noranking,0.5918119622236246,0.5603950046247002,0.6258353486181378,[0.5604  -  0.6258]
St Dc Noranking,0.5940838338690095,0.5629425131493019,0.6272691012447675,[0.5629  -  0.6273]
