Modelo,Brier Mediana,IC Inferior,IC Superior,IC 95%
N Poisson Ranking,0.6166709297778693,0.592183966010226,0.6436104760208804,[0.5922  -  0.6436]
N Dc Ranking,0.6171353968686983,0.5923518688883577,0.6440300900705274,[0.5924  -  0.6440]
St Dc Ranking,0.61762980797192,0.5923709222007068,0.6452449029824773,[0.5924  -  0.6452]
St Poisson Ranking,0.6176953861212395,0.5918352473611599,0.6455558967784462,[0.5918  -  0.6456]
St Dc Noranking,0.6220497479285287,0.5959419310126701,0.6516769938415423,[0.5959  -  0.6517]
St Poisson Noranking,0.6220657988606095,0.595239008933353,0.6514443198211698,[0.5952  -  0.6514]
N Dc Noranking,0.6230330493014096,0.5965847324573225,0.6524950822079875,[0.5966  -  0.6525]
N Poisson Noranking,0.6233790047606167,0.5962834281759561,0.6525127692358924,[0.5963  -  0.6525]
